{
  "project_info": {
    "project_id": "skripsian-1243",
    "project_number": "676285156253",
    "name": "skripsian"
  },
  "client": [
    {
      "client_info": {
        "mobilesdk_app_id": "1:676285156253:android:83135606ba933889",
        "client_id": "android:ipb.iot.ardhi.skripsian",
        "client_type": 1,
        "android_client_info": {
          "package_name": "ipb.iot.ardhi.skripsian",
          "certificate_hash": []
        }
      },
      "oauth_client": [],
      "api_key": [],
      "services": {
        "analytics_service": {
          "status": 1
        },
        "cloud_messaging_service": {
          "status": 2,
          "apns_config": []
        },
        "appinvite_service": {
          "status": 1,
          "other_platform_oauth_client": []
        },
        "google_signin_service": {
          "status": 1
        },
        "ads_service": {
          "status": 1
        }
      }
    }
  ],
  "client_info": [],
  "ARTIFACT_VERSION": "1"
}